Fuel (BTU),2024.0,2025.0,2026.0,2027.0,2028.0,2029.0,2030.0,2031.0,2032.0,2033.0,2034.0,2035.0,2036.0,2037.0,2038.0,2039.0,2040.0,2041.0,2042.0,2043.0,2044.0,2045.0,2046.0,2047.0,2048.0,2049.0,2050.0
electricity (not used in this variable),0.0,0.0,0.0,0.0,0.0,0.0,0.0,0.0,0.0,0.0,0.0,0.0,0.0,0.0,0.0,0.0,0.0,0.0,0.0,0.0,0.0,0.0,0.0,0.0,0.0,0.0,0.0
hard coal,46266900000000.0,46266900000000.0,46018000000000.0,39242300000000.0,36851300000000.0,35514600000000.0,36115800000000.0,34433700000000.0,33919600000000.0,35034100000000.0,31408100000000.0,31457900000000.0,31587100000000.0,28926700000000.0,29332500000000.0,28579300000000.0,27130200000000.0,26532100000000.0,29087300000000.0,29500100000000.0,29285800000000.0,29420800000000.0,30440200000000.0,31760700000000.0,32859300000000.0,34441200000000.0,34220400000000.0
natural gas,1409520000000000.0,1409520000000000.0,1413900000000000.0,1411580000000000.0,1482660000000000.0,1555600000000000.0,1648070000000000.0,1729090000000000.0,1822800000000000.0,1900660000000000.0,1971630000000000.0,2028180000000000.0,2087480000000000.0,2133550000000000.0,2170700000000000.0,2204570000000000.0,2241760000000000.0,2272680000000000.0,2314220000000000.0,2351260000000000.0,2366190000000000.0,2396410000000000.0,2457100000000000.0,2494950000000000.0,2525870000000000.0,2533390000000000.0,2540550000000000.0
nuclear,0.0,0.0,0.0,0.0,0.0,0.0,0.0,0.0,0.0,0.0,0.0,0.0,0.0,0.0,0.0,0.0,0.0,0.0,0.0,0.0,0.0,0.0,0.0,0.0,0.0,0.0,0.0
hydro (is not a fuel),0.0,0.0,0.0,0.0,0.0,0.0,0.0,0.0,0.0,0.0,0.0,0.0,0.0,0.0,0.0,0.0,0.0,0.0,0.0,0.0,0.0,0.0,0.0,0.0,0.0,0.0,0.0
wind (is not a fuel),0.0,0.0,0.0,0.0,0.0,0.0,0.0,0.0,0.0,0.0,0.0,0.0,0.0,0.0,0.0,0.0,0.0,0.0,0.0,0.0,0.0,0.0,0.0,0.0,0.0,0.0,0.0
solar (is not a fuel),0.0,0.0,0.0,0.0,0.0,0.0,0.0,0.0,0.0,0.0,0.0,0.0,0.0,0.0,0.0,0.0,0.0,0.0,0.0,0.0,0.0,0.0,0.0,0.0,0.0,0.0,0.0
biomass,0.0,0.0,0.0,0.0,0.0,0.0,0.0,0.0,0.0,0.0,0.0,0.0,0.0,0.0,0.0,0.0,0.0,0.0,0.0,0.0,0.0,0.0,0.0,0.0,0.0,0.0,0.0
petroleum gasoline,0.0,138347000000000.0,132321000000000.0,139935000000000.0,149382000000000.0,158812000000000.0,167168000000000.0,172449000000000.0,182320000000000.0,187305000000000.0,191565000000000.0,199308000000000.0,204605000000000.0,211613000000000.0,221049000000000.0,225360000000000.0,236694000000000.0,245969000000000.0,254054000000000.0,260861000000000.0,266911000000000.0,272630000000000.0,275555000000000.0,283791000000000.0,288943000000000.0,296262000000000.0,299515000000000.0
petroleum diesel,0.0,39180000000000.0,32156800000000.0,32131100000000.0,34250400000000.0,35851000000000.0,36261400000000.0,36156800000000.0,38424500000000.0,38270600000000.0,37686800000000.0,38897900000000.0,38908700000000.0,40303600000000.0,43330600000000.0,43312600000000.0,47210300000000.0,49883500000000.0,53068600000000.0,55536100000000.0,57506200000000.0,58733000000000.0,58209200000000.0,60670100000000.0,61606400000000.0,63954900000000.0,64048600000000.0
biofuel gasoline,0.0,88297800000000.0,88954200000000.0,88512600000000.0,89377200000000.0,89373400000000.0,89982600000000.0,89996100000000.0,90236700000000.0,90444200000000.0,91111800000000.0,91742500000000.0,92880700000000.0,93258200000000.0,93799200000000.0,94389200000000.0,95187100000000.0,96027500000000.0,97553400000000.0,98455500000000.0,99269800000000.0,99821600000000.0,100262000000000.0,101551000000000.0,102652000000000.0,103353000000000.0,104234000000000.0
biofuel diesel,0.0,27825800000000.0,33824000000000.0,32323900000000.0,33366400000000.0,33862600000000.0,27353600000000.0,28838200000000.0,29497700000000.0,31056900000000.0,31688200000000.0,32226300000000.0,30051600000000.0,31696100000000.0,31403500000000.0,30920300000000.0,30423000000000.0,29872200000000.0,29339900000000.0,28784200000000.0,28199400000000.0,27572300000000.0,26913600000000.0,26328300000000.0,25610400000000.0,24860200000000.0,24077400000000.0
jet fuel or kerosene,0.0,73900000000000.0,71185000000000.0,71641100000000.0,72472300000000.0,73270700000000.0,73715200000000.0,73426000000000.0,74205800000000.0,73757300000000.0,73077700000000.0,72986500000000.0,72482200000000.0,72420800000000.0,72786600000000.0,72103100000000.0,72690900000000.0,72933900000000.0,73134300000000.0,72968500000000.0,72629600000000.0,72251800000000.0,71391900000000.0,71654300000000.0,71278100000000.0,71582100000000.0,70964500000000.0
heat (not used in this variable),0.0,0.0,0.0,0.0,0.0,0.0,0.0,0.0,0.0,0.0,0.0,0.0,0.0,0.0,0.0,0.0,0.0,0.0,0.0,0.0,0.0,0.0,0.0,0.0,0.0,0.0,0.0
geothermal (is not a fuel),0.0,0.0,0.0,0.0,0.0,0.0,0.0,0.0,0.0,0.0,0.0,0.0,0.0,0.0,0.0,0.0,0.0,0.0,0.0,0.0,0.0,0.0,0.0,0.0,0.0,0.0,0.0
lignite,0.0,0.0,0.0,0.0,0.0,0.0,0.0,0.0,0.0,0.0,0.0,0.0,0.0,0.0,0.0,0.0,0.0,0.0,0.0,0.0,0.0,0.0,0.0,0.0,0.0,0.0,0.0
crude oil,0.0,0.0,0.0,0.0,0.0,0.0,0.0,0.0,0.0,0.0,0.0,0.0,0.0,0.0,0.0,0.0,0.0,0.0,0.0,0.0,0.0,0.0,0.0,0.0,0.0,0.0,0.0
heavy fuel oil,0.0,0.0,0.0,0.0,0.0,0.0,0.0,0.0,0.0,0.0,0.0,0.0,0.0,0.0,0.0,0.0,0.0,0.0,0.0,0.0,0.0,0.0,0.0,0.0,0.0,0.0,0.0
LPG propane or butane,0.0,0.0,0.0,0.0,0.0,0.0,0.0,0.0,0.0,0.0,0.0,0.0,0.0,0.0,0.0,0.0,0.0,0.0,0.0,0.0,0.0,0.0,0.0,0.0,0.0,0.0,0.0
municipal solid waste,0.0,0.0,0.0,0.0,0.0,0.0,0.0,0.0,0.0,0.0,0.0,0.0,0.0,0.0,0.0,0.0,0.0,0.0,0.0,0.0,0.0,0.0,0.0,0.0,0.0,0.0,0.0
hydrogen,0.0,0.0,0.0,0.0,0.0,0.0,0.0,0.0,0.0,0.0,0.0,0.0,0.0,0.0,0.0,0.0,0.0,0.0,0.0,0.0,0.0,0.0,0.0,0.0,0.0,0.0,0.0
