Pollutant:,CO,Unit: grams,,,,,,,,,,,,,,,,,,,,,,,,,,,,,,,,,,
,2015.0,2016.0,2017.0,2018.0,2019.0,2020.0,2021.0,2022.0,2023.0,2024.0,2025.0,2026.0,2027.0,2028.0,2029.0,2030.0,2031.0,2032.0,2033.0,2034.0,2035.0,2036.0,2037.0,2038.0,2039.0,2040.0,2041.0,2042.0,2043.0,2044.0,2045.0,2046.0,2047.0,2048.0,2049.0,2050.0
agriculture and forestry 01T03,0.0,0.0,0.0,0.0,0.0,95074.35254803675,95729.32330827067,96384.2940685046,101924.75940507436,104074.24487280102,105171.85261469116,106027.7952529766,106863.5335821772,107616.58030623056,108451.75148109175,109259.61413834163,109067.23199297937,109136.58430353431,108671.79614147345,108468.68490694613,108238.43663807145,108151.13050681633,108025.16669286623,108030.7329176598,108031.00730626246,108025.2111197618,107984.80318011912,108138.06888534762,108250.76266777886,108411.76058091414,108699.48499904423,109625.93752122507,110565.25984200907,111529.64872481406,112365.81236989623,113226.79484761054
coal mining 05,0.0,0.0,0.0,0.0,0.0,3217429333.3333335,3275655200.0,3311653311.2582784,3713368731.5944467,3319060219.346381,3475712801.685008,3980030384.305537,4177976560.1124926,4537352647.266777,4943842893.367325,5112203984.118864,5150401456.012131,5008453665.268032,4996776535.589371,5039244516.4823475,4937016060.066637,4918247741.519345,4977453874.958919,5020789757.913917,5153455276.470075,5043324745.577011,4937890747.681099,4835443994.568599,4836929621.639958,4944792697.287764,4972058705.422437,5006113998.417587,5091046927.391004,5133207232.132048,5147390682.899439,5125989158.859636
oil and gas extraction 06,0.0,0.0,0.0,0.0,0.0,368436878.77442276,375081313.14387214,355400490.07854486,356549348.88980263,385823933.812198,392482648.2304087,378857479.01405776,386356671.45165,398497355.7853875,407101032.1918048,418176128.43911135,426079801.0670285,432597601.614312,435647613.5377573,436832698.1941801,439947309.2273647,439387359.0052874,440389792.5035281,442075640.49039644,442445064.83436537,449754747.69172245,451418303.06869334,455406763.3500288,456510335.25515425,458475402.33254087,461846495.211441,465560235.36732763,467245648.65350825,465344515.7512982,467466355.4051066,471675071.92203206
other mining and quarrying 07T08,0.0,0.0,0.0,0.0,0.0,0.0,0.0,0.0,0.0,0.0,0.0,0.0,0.0,0.0,0.0,0.0,0.0,0.0,0.0,0.0,0.0,0.0,0.0,0.0,0.0,0.0,0.0,0.0,0.0,0.0,0.0,0.0,0.0,0.0,0.0,0.0
food beverage and tobacco 10T12,0.0,0.0,0.0,0.0,0.0,0.0,0.0,0.0,0.0,0.0,0.0,0.0,0.0,0.0,0.0,0.0,0.0,0.0,0.0,0.0,0.0,0.0,0.0,0.0,0.0,0.0,0.0,0.0,0.0,0.0,0.0,0.0,0.0,0.0,0.0,0.0
textiles apparel and leather 13T15,0.0,0.0,0.0,0.0,0.0,0.0,0.0,0.0,0.0,0.0,0.0,0.0,0.0,0.0,0.0,0.0,0.0,0.0,0.0,0.0,0.0,0.0,0.0,0.0,0.0,0.0,0.0,0.0,0.0,0.0,0.0,0.0,0.0,0.0,0.0,0.0
wood products 16,0.0,0.0,0.0,0.0,0.0,0.0,0.0,0.0,0.0,0.0,0.0,0.0,0.0,0.0,0.0,0.0,0.0,0.0,0.0,0.0,0.0,0.0,0.0,0.0,0.0,0.0,0.0,0.0,0.0,0.0,0.0,0.0,0.0,0.0,0.0,0.0
pulp paper and printing 17T18,0.0,0.0,0.0,0.0,0.0,3056963096.5005302,3100976148.8158364,3285436295.5654726,3404613343.7832637,3370361198.134643,3367430230.2204356,3380431216.575895,3377709548.910816,3391908787.28563,3414929261.613637,3432610450.7157803,3466876927.718636,3499859817.753576,3519900436.306241,3545319746.5642896,3569866413.172261,3576875013.339314,3590500173.466674,3625075844.0836835,3627115920.279812,3660233290.1681285,3706553748.611184,3741860367.603197,3768289462.765788,3782562632.777739,3794811435.276247,3807729656.7705855,3807166489.6921377,3812825966.694462,3823236799.268072,3835921154.857652
refined petroleum and coke 19,0.0,0.0,0.0,0.0,0.0,1330696287.4050915,1334495522.5547118,1338650402.0549476,1238269065.8586783,1620134749.1515563,1702660812.686118,1799061008.201513,1873323437.523896,1861018819.5785828,1821955226.69493,1811667530.376694,1786046459.6252122,1831670838.7981105,1841989375.3977287,1838938708.2847042,1871368501.1345465,1874499986.2295604,1896219798.4854343,1875362749.4647934,1876773133.158815,1880091457.4868174,1861245580.0652661,1878242934.3831174,1870457896.8097355,1882865563.2301111,1888791632.4176228,2027536978.2584295,2026560732.544874,1940157303.0274556,1887374192.4060667,1906495647.6835926
chemicals 20,0.0,0.0,0.0,0.0,0.0,2438774128.195895,1944603735.8073738,1830518797.15731,1991532245.1409342,2197418817.724546,1981549680.3498163,1832363831.2227676,1898522148.9808533,1973010731.7091475,2047630957.4369469,2115707931.9548507,2164710123.7824035,2212348243.2428837,2278617311.9030137,2332323639.749853,2379353582.197289,2442843564.0576415,2503360731.1142044,2552542726.6379642,2587370075.4198747,2628468148.0551267,2672251106.588543,2756816017.4195523,2841593667.2511663,2906678134.4462905,2979909427.284779,3014007477.2840495,3027844129.5185013,3040648027.1574965,3087310098.896416,3147423667.7506146
rubber and plastic products 22,0.0,0.0,0.0,0.0,0.0,0.0,0.0,0.0,0.0,0.0,0.0,0.0,0.0,0.0,0.0,0.0,0.0,0.0,0.0,0.0,0.0,0.0,0.0,0.0,0.0,0.0,0.0,0.0,0.0,0.0,0.0,0.0,0.0,0.0,0.0,0.0
glass and glass products 231,0.0,0.0,0.0,0.0,0.0,0.0,0.0,0.0,0.0,0.0,0.0,0.0,0.0,0.0,0.0,0.0,0.0,0.0,0.0,0.0,0.0,0.0,0.0,0.0,0.0,0.0,0.0,0.0,0.0,0.0,0.0,0.0,0.0,0.0,0.0,0.0
cement and other nonmetallic minerals 239,0.0,0.0,0.0,0.0,0.0,8610827404.107357,9010919504.5094,8592216250.0,8956599921.026653,10190364646.541477,9274061466.645538,8585766526.383429,8159672674.708781,7811418603.46044,7706587925.132944,7587689379.606221,7482002904.194342,7386314486.368255,6127887986.132027,5893669637.198566,5633228302.162302,5384765706.033705,5230318498.785508,5099424898.552575,4887753842.372324,4751458551.23764,4603531443.70318,4475812914.176445,4380011639.999226,4309155167.383319,4197891585.7934394,4126511706.5213957,4062428395.859659,3994268497.199608,3945989195.839215,3910041036.852945
iron and steel 241,0.0,0.0,0.0,0.0,0.0,93916811958.103,95002320570.26477,112064427858.8395,109084974803.4076,105750248835.93164,98686525883.29077,88780750357.17773,85084120528.04002,86266364537.17216,86547089290.94168,85544286131.45584,83702592287.2478,80589396708.19481,80591487087.72322,81965769868.30194,82341048731.17487,83205884380.89397,84123340145.61157,84912377347.87221,85931367930.32446,86660395458.39532,86915216760.5189,87775125871.23907,89392310544.4316,90326192188.79913,90612152103.59525,90343124066.8328,89284677621.51515,88061157355.40797,88114517981.22778,88934496139.1742
other metals 242,0.0,0.0,0.0,0.0,0.0,7131089950.026581,7348580572.036151,7451285206.806282,8093823420.378619,8364313502.431834,8271502550.198048,8234625452.321782,8414387139.829639,8720050916.871687,8970871996.886131,9182752320.06262,9304081451.63812,9323173119.428234,9318139360.748178,9341111696.770771,9398239103.64132,9486769588.323275,9582567261.800795,9657284677.316479,9712508058.343884,9808921202.4074,9882359703.20795,9939783812.291409,10033917683.685719,10132852506.194714,10182559195.632662,10198689935.6859,10211643616.802835,10236059508.893938,10262041242.085283,10259527465.405684
metal products except machinery and vehicles 25,0.0,0.0,0.0,0.0,0.0,0.0,0.0,0.0,0.0,0.0,0.0,0.0,0.0,0.0,0.0,0.0,0.0,0.0,0.0,0.0,0.0,0.0,0.0,0.0,0.0,0.0,0.0,0.0,0.0,0.0,0.0,0.0,0.0,0.0,0.0,0.0
computers and electronics 26,0.0,0.0,0.0,0.0,0.0,0.0,0.0,0.0,0.0,0.0,0.0,0.0,0.0,0.0,0.0,0.0,0.0,0.0,0.0,0.0,0.0,0.0,0.0,0.0,0.0,0.0,0.0,0.0,0.0,0.0,0.0,0.0,0.0,0.0,0.0,0.0
appliances and electrical equipment 27,0.0,0.0,0.0,0.0,0.0,0.0,0.0,0.0,0.0,0.0,0.0,0.0,0.0,0.0,0.0,0.0,0.0,0.0,0.0,0.0,0.0,0.0,0.0,0.0,0.0,0.0,0.0,0.0,0.0,0.0,0.0,0.0,0.0,0.0,0.0,0.0
other machinery 28,0.0,0.0,0.0,0.0,0.0,0.0,0.0,0.0,0.0,0.0,0.0,0.0,0.0,0.0,0.0,0.0,0.0,0.0,0.0,0.0,0.0,0.0,0.0,0.0,0.0,0.0,0.0,0.0,0.0,0.0,0.0,0.0,0.0,0.0,0.0,0.0
road vehicles 29,0.0,0.0,0.0,0.0,0.0,0.0,0.0,0.0,0.0,0.0,0.0,0.0,0.0,0.0,0.0,0.0,0.0,0.0,0.0,0.0,0.0,0.0,0.0,0.0,0.0,0.0,0.0,0.0,0.0,0.0,0.0,0.0,0.0,0.0,0.0,0.0
nonroad vehicles 30,0.0,0.0,0.0,0.0,0.0,0.0,0.0,0.0,0.0,0.0,0.0,0.0,0.0,0.0,0.0,0.0,0.0,0.0,0.0,0.0,0.0,0.0,0.0,0.0,0.0,0.0,0.0,0.0,0.0,0.0,0.0,0.0,0.0,0.0,0.0,0.0
other manufacturing 31T33,0.0,0.0,0.0,0.0,0.0,4571024716.446125,4609402741.020794,5011549855.130009,5448909832.587726,5360418578.283503,5214998536.212425,5141432530.208977,5130906047.7878065,5149334555.050421,5226219063.467291,5320769179.113927,5412687620.931773,5568379891.443886,5701672175.9739485,5839203069.796105,5956940649.609743,6027538145.322404,6117896107.823479,6250957713.918317,6332109494.96306,6454647045.62449,6573883187.60816,6675186901.259715,6755120705.254578,6833721521.297591,6924796706.059585,7082620808.2829275,7181222528.479301,7266125236.748544,7360210158.398685,7456686773.467243
energy pipelines and gas processing 352T353,0.0,0.0,0.0,0.0,0.0,41421320.30505243,41262891.80171592,47608018.10754113,52058355.92185592,59784829.231191754,60892448.08860031,61239673.23699752,65250946.26603351,70291231.14490464,71080465.68221134,72218887.50027652,71381842.43887064,69899007.59691834,67391372.44106372,65712122.2728649,65026600.322909005,64960590.050822474,65016533.83994382,64215018.40750531,64507559.39187331,64195548.5103907,63537413.61213892,63477127.259938195,63837361.67355629,64146208.40895678,64495411.81082028,64712933.52672634,64283138.980197415,64015785.928138755,64333051.446327925,65050821.54438477
water and waste 36T39,0.0,0.0,0.0,0.0,0.0,0.0,0.0,0.0,0.0,0.0,0.0,0.0,0.0,0.0,0.0,0.0,0.0,0.0,0.0,0.0,0.0,0.0,0.0,0.0,0.0,0.0,0.0,0.0,0.0,0.0,0.0,0.0,0.0,0.0,0.0,0.0
construction 41T43,0.0,0.0,0.0,0.0,0.0,0.0,0.0,0.0,0.0,0.0,0.0,0.0,0.0,0.0,0.0,0.0,0.0,0.0,0.0,0.0,0.0,0.0,0.0,0.0,0.0,0.0,0.0,0.0,0.0,0.0,0.0,0.0,0.0,0.0,0.0,0.0
