Imported Electricity (MW*hour),2020.0,2021.0,2022.0,2023.0,2024.0,2025.0,2026.0,2027.0,2028.0,2029.0,2030.0,2031.0,2032.0,2033.0,2034.0,2035.0,2036.0,2037.0,2038.0,2039.0,2040.0,2041.0,2042.0,2043.0,2044.0,2045.0,2046.0,2047.0,2048.0,2049.0,2050.0
hard coal,3448160.0,3448160.0,3448160.0,3009510.0,2779680.0,1655700.0,1598680.0,1149510.0,802017.0,649355.0,485195.0,485195.0,485195.0,485195.0,485195.0,485195.0,485195.0,485195.0,485195.0,485195.0,485195.0,485195.0,485195.0,485195.0,485195.0,485195.0,485195.0,485195.0,485195.0,485195.0,485195.0
natural gas steam turbine,5629350.0,5629350.0,5629350.0,6118290.0,6248940.0,4200380.0,4213470.0,4437160.0,4287320.0,4250240.0,4055350.0,4055350.0,4055350.0,4055350.0,4055350.0,4055350.0,4055350.0,4055350.0,4055350.0,4055350.0,4055350.0,4055350.0,4055350.0,4055350.0,4055350.0,4055350.0,4055350.0,4055350.0,4055350.0,4055350.0,4055350.0
natural gas combined cycle,0.0,0.0,0.0,0.0,0.0,0.0,0.0,0.0,0.0,0.0,0.0,0.0,0.0,0.0,0.0,0.0,0.0,0.0,0.0,0.0,0.0,0.0,0.0,0.0,0.0,0.0,0.0,0.0,0.0,0.0,0.0
nuclear,4337490.0,4337490.0,4337490.0,4165790.0,4203520.0,2769000.0,2743810.0,2620730.0,2626320.0,2646160.0,2618650.0,2618650.0,2618650.0,2618650.0,2618650.0,2618650.0,2618650.0,2618650.0,2618650.0,2618650.0,2618650.0,2618650.0,2618650.0,2618650.0,2618650.0,2618650.0,2618650.0,2618650.0,2618650.0,2618650.0,2618650.0
hydro,52430.9,52430.9,52430.9,52580.9,53071.4,34280.7,34412.4,34424.2,32599.7,33075.9,33422.5,33422.5,33422.5,33422.5,33422.5,33422.5,33422.5,33422.5,33422.5,33422.5,33422.5,33422.5,33422.5,33422.5,33422.5,33422.5,33422.5,33422.5,33422.5,33422.5,33422.5
onshore wind,1075760.0,1075760.0,1075760.0,1121820.0,1147240.0,786901.0,816613.0,1058520.0,1227660.0,1330030.0,1416460.0,1416460.0,1416460.0,1416460.0,1416460.0,1416460.0,1416460.0,1416460.0,1416460.0,1416460.0,1416460.0,1416460.0,1416460.0,1416460.0,1416460.0,1416460.0,1416460.0,1416460.0,1416460.0,1416460.0,1416460.0
solar PV,184145.0,184145.0,184145.0,273378.0,317342.0,268864.0,308703.0,418302.0,734686.0,792828.0,1096930.0,1096930.0,1096930.0,1096930.0,1096930.0,1096930.0,1096930.0,1096930.0,1096930.0,1096930.0,1096930.0,1096930.0,1096930.0,1096930.0,1096930.0,1096930.0,1096930.0,1096930.0,1096930.0,1096930.0,1096930.0
solar thermal,0.0,0.0,0.0,0.0,0.0,0.0,0.0,0.0,0.0,0.0,0.0,0.0,0.0,0.0,0.0,0.0,0.0,0.0,0.0,0.0,0.0,0.0,0.0,0.0,0.0,0.0,0.0,0.0,0.0,0.0,0.0
biomass,52476.6,52476.6,52476.6,47437.2,47623.9,30952.3,30883.4,30552.8,33915.0,34437.0,34109.4,34109.4,34109.4,34109.4,34109.4,34109.4,34109.4,34109.4,34109.4,34109.4,34109.4,34109.4,34109.4,34109.4,34109.4,34109.4,34109.4,34109.4,34109.4,34109.4,34109.4
geothermal,0.0,0.0,0.0,0.0,0.0,0.0,0.0,0.0,0.0,0.0,0.0,0.0,0.0,0.0,0.0,0.0,0.0,0.0,0.0,0.0,0.0,0.0,0.0,0.0,0.0,0.0,0.0,0.0,0.0,0.0,0.0
petroleum,63125.7,63125.7,63125.7,54132.1,43926.2,30454.8,29964.4,27229.5,33124.6,39959.3,35766.7,35766.7,35766.7,35766.7,35766.7,35766.7,35766.7,35766.7,35766.7,35766.7,35766.7,35766.7,35766.7,35766.7,35766.7,35766.7,35766.7,35766.7,35766.7,35766.7,35766.7
natural gas peaker,0.0,0.0,0.0,0.0,0.0,0.0,0.0,0.0,0.0,0.0,0.0,0.0,0.0,0.0,0.0,0.0,0.0,0.0,0.0,0.0,0.0,0.0,0.0,0.0,0.0,0.0,0.0,0.0,0.0,0.0,0.0
lignite,0.0,0.0,0.0,0.0,0.0,0.0,0.0,0.0,0.0,0.0,0.0,0.0,0.0,0.0,0.0,0.0,0.0,0.0,0.0,0.0,0.0,0.0,0.0,0.0,0.0,0.0,0.0,0.0,0.0,0.0,0.0
offshore wind,0.0,0.0,0.0,0.0,1574.4,2328.68,2326.4,2441.84,1232.94,2780.41,2971.97,2971.97,2971.97,2971.97,2971.97,2971.97,2971.97,2971.97,2971.97,2971.97,2971.97,2971.97,2971.97,2971.97,2971.97,2971.97,2971.97,2971.97,2971.97,2971.97,2971.97
crude oil,0.0,0.0,0.0,0.0,0.0,0.0,0.0,0.0,0.0,0.0,0.0,0.0,0.0,0.0,0.0,0.0,0.0,0.0,0.0,0.0,0.0,0.0,0.0,0.0,0.0,0.0,0.0,0.0,0.0,0.0,0.0
heavy or residual fuel oil,0.0,0.0,0.0,0.0,0.0,0.0,0.0,0.0,0.0,0.0,0.0,0.0,0.0,0.0,0.0,0.0,0.0,0.0,0.0,0.0,0.0,0.0,0.0,0.0,0.0,0.0,0.0,0.0,0.0,0.0,0.0
municipal solid waste,0.0,0.0,0.0,0.0,0.0,0.0,0.0,0.0,0.0,0.0,0.0,0.0,0.0,0.0,0.0,0.0,0.0,0.0,0.0,0.0,0.0,0.0,0.0,0.0,0.0,0.0,0.0,0.0,0.0,0.0,0.0
hard coal w CCS,0.0,0.0,0.0,0.0,0.0,0.0,0.0,0.0,0.0,0.0,0.0,0.0,0.0,0.0,0.0,0.0,0.0,0.0,0.0,0.0,0.0,0.0,0.0,0.0,0.0,0.0,0.0,0.0,0.0,0.0,0.0
natural gas combined cycle w CCS,0.0,0.0,0.0,0.0,0.0,0.0,0.0,0.0,0.0,0.0,0.0,0.0,0.0,0.0,0.0,0.0,0.0,0.0,0.0,0.0,0.0,0.0,0.0,0.0,0.0,0.0,0.0,0.0,0.0,0.0,0.0
biomass w CCS,0.0,0.0,0.0,0.0,0.0,0.0,0.0,0.0,0.0,0.0,0.0,0.0,0.0,0.0,0.0,0.0,0.0,0.0,0.0,0.0,0.0,0.0,0.0,0.0,0.0,0.0,0.0,0.0,0.0,0.0,0.0
lignite w CCS,0.0,0.0,0.0,0.0,0.0,0.0,0.0,0.0,0.0,0.0,0.0,0.0,0.0,0.0,0.0,0.0,0.0,0.0,0.0,0.0,0.0,0.0,0.0,0.0,0.0,0.0,0.0,0.0,0.0,0.0,0.0
small modular reactor,0.0,0.0,0.0,0.0,0.0,0.0,0.0,0.0,0.0,0.0,0.0,0.0,0.0,0.0,0.0,0.0,0.0,0.0,0.0,0.0,0.0,0.0,0.0,0.0,0.0,0.0,0.0,0.0,0.0,0.0,0.0
hydrogen combustion turbine,0.0,0.0,0.0,0.0,0.0,0.0,0.0,0.0,0.0,0.0,0.0,0.0,0.0,0.0,0.0,0.0,0.0,0.0,0.0,0.0,0.0,0.0,0.0,0.0,0.0,0.0,0.0,0.0,0.0,0.0,0.0
hydrogen combined cycle,0.0,0.0,0.0,0.0,0.0,0.0,0.0,0.0,0.0,0.0,0.0,0.0,0.0,0.0,0.0,0.0,0.0,0.0,0.0,0.0,0.0,0.0,0.0,0.0,0.0,0.0,0.0,0.0,0.0,0.0,0.0
,,,,,,,,,,,,,,,,,,,,,,,,,,,,,,,
,,,,,,,,,,,,,,,,,,,,,,,,,,,,,,,
,,,,,,,,,,,,,,,,,,,,,,,,,,,,,,,
